datetime,longitude,latitude,x_stere,y_stere,data_gap_minutes,sea_level_pressure_hpa,10m_u_wind_mps,10m_v_wind_mps,total_cloud_cover,total_column_liquid_water,total_column_ice_water
2019-10-11 01:00:00,134.4848,84.988,4885.0,543247.0,30.0,1014.0,6.03,-4.95,98.5,0.049,0.009
2019-10-11 02:00:00,134.5036,84.9836,4710.9,543726.1,60.0,1013.5,5.71,-5.35,99.4,0.043,0.008
2019-10-11 03:00:00,134.5168,84.9796,4589.3,544161.3,60.0,1013.7,5.73,-5.24,100.0,0.038,0.008
2019-10-11 04:00:00,134.533,84.9764,4438.2,544509.8,60.0,1013.5,6.03,-5.11,100.0,0.037,0.008
2019-10-11 05:00:00,134.55321,84.9736,4248.5,544815.2,60.5,1013.3,6.38,-5.37,98.1,0.049,0.007
2019-10-11 06:00:00,134.58201,84.97066,3977.0,545136.3,60.5,1013.3,6.4,-5.75,99.1,0.062,0.006
2019-10-11 07:00:00,134.62019,84.9662,3617.0,545622.9,59.5,1013.2,6.05,-5.82,98.3,0.066,0.007
2019-10-11 08:00:00,134.6506,84.961,3330.8,546189.1,60.5,1013.1,5.71,-5.78,97.5,0.069,0.01
2019-10-11 09:00:00,134.66976,84.95608,3151.2,546724.3,60.5,1013.2,5.44,-5.53,97.5,0.07,0.012
2019-10-11 10:00:00,134.67999,84.9516,3056.3,547210.9,60.0,1012.9,4.35,-5.58,99.0,0.055,0.014
2019-10-11 11:00:00,134.68416,84.94766,3018.8,547638.7,60.0,1012.9,4.32,-4.78,99.3,0.045,0.018
2019-10-11 12:00:00,134.6862,84.9444,3001.3,547992.6,59.5,1012.7,4.61,-4.13,99.9,0.036,0.02
2019-10-11 13:00:00,134.6908,84.9418,2958.8,548275.0,60.5,1012.4,5.11,-3.67,99.0,0.032,0.023
2019-10-11 14:00:00,134.70135,84.93983,2859.0,548489.6,60.5,1012.2,5.2,-3.21,99.8,0.022,0.021
2019-10-11 15:00:00,134.7206,84.9384,2675.5,548645.5,59.5,1011.9,5.11,-2.62,96.7,0.017,0.014
2019-10-11 16:00:00,134.7444,84.9374,2448.0,548755.1,60.0,1011.4,4.96,-2.04,93.1,0.018,0.01
2019-10-11 17:00:00,134.77361,84.9366,2168.6,548843.1,60.5,1011.1,4.77,-1.4,86.0,0.02,0.006
2019-10-11 18:00:00,134.80606,84.93522,1858.3,548993.5,60.5,1010.8,4.62,-0.71,80.1,0.023,0.004
2019-10-11 19:00:00,134.83501,84.9338,1581.3,549149.0,59.5,1010.3,4.62,-0.11,91.6,0.034,0.004
2019-10-11 20:00:00,134.8568,84.9322,1372.9,549323.2,60.0,1009.9,4.53,0.26,94.9,0.044,0.004
2019-10-11 21:00:00,134.8712,84.931,1235.2,549453.8,60.5,1009.3,4.17,0.59,97.3,0.051,0.007
2019-10-11 22:00:00,134.87601,84.9306,1189.1,549497.2,60.5,1008.6,2.22,1.07,98.2,0.047,0.009
2019-10-11 23:00:00,134.87199,84.931,1227.6,549453.8,59.5,1007.9,1.66,1.88,96.8,0.048,0.013
2019-10-12 00:00:00,134.86279,84.9328,1315.3,549258.2,60.0,1007.1,0.79,2.59,100.0,0.038,0.018
2019-10-12 01:00:00,134.85519,84.9356,1387.4,548954.2,60.0,1006.3,-0.13,3.13,99.2,0.026,0.033
2019-10-12 02:00:00,134.85159,84.9394,1420.9,548541.7,60.0,1005.3,-0.97,3.63,99.9,0.008,0.054
2019-10-12 03:00:00,134.8524,84.9434,1412.0,548107.6,60.0,1004.6,-1.39,4.05,100.0,0.002,0.078
2019-10-12 04:00:00,134.855,84.9474,1386.0,547673.5,60.0,1003.3,-2.08,4.12,100.0,0.001,0.095
2019-10-12 05:00:00,134.8548,84.9508,1387.0,547304.5,60.0,1002.4,-3.04,3.69,100.0,0.001,0.089
2019-10-12 06:00:00,134.8506,84.9536,1426.3,547000.5,60.0,1001.1,-4.09,2.96,99.4,0.0,0.085
2019-10-12 07:00:00,134.8412,84.9558,1515.4,546761.5,60.0,1000.4,-5.03,2.34,99.3,0.0,0.069
2019-10-12 08:00:00,134.8262,84.9574,1658.0,546587.4,60.0,999.2,-5.64,1.63,99.1,0.001,0.059
2019-10-12 09:00:00,134.80141,84.9582,1894.2,546499.9,60.0,998.7,-6.27,0.68,99.9,0.002,0.047
2019-10-12 10:00:00,134.767,84.959,2222.1,546411.8,60.0,998.4,-6.23,-0.61,98.7,0.003,0.028
2019-10-12 11:00:00,134.7218,84.9598,2652.7,546323.0,60.5,998.1,-6.43,-1.52,96.2,0.006,0.01
2019-10-12 12:00:00,134.67088,84.96078,3137.6,546214.2,60.5,998.0,-6.27,-2.27,99.1,0.011,0.006
2019-10-12 13:00:00,134.6178,84.9622,3642.6,546056.9,59.5,997.7,-5.93,-2.67,98.8,0.014,0.004
2019-10-12 14:00:00,134.56979,84.9636,4099.0,545901.7,60.5,997.9,-5.63,-3.04,99.7,0.015,0.003
2019-10-12 15:00:00,134.53157,84.96518,4461.7,545727.8,60.5,997.8,-5.29,-3.34,98.8,0.015,0.002
2019-10-12 16:00:00,134.50121,84.9664,4749.8,545592.5,59.5,998.0,-4.7,-3.44,99.8,0.015,0.003
2019-10-12 17:00:00,134.47701,84.9672,4979.4,545503.7,60.0,998.3,-4.2,-3.63,99.9,0.018,0.004
2019-10-12 18:00:00,134.4558,84.9672,5181.4,545501.8,60.0,998.5,-3.88,-3.94,98.9,0.028,0.007
2019-10-12 19:00:00,134.4328,84.9666,5401.0,545564.8,60.0,999.1,-4.17,-4.07,99.6,0.028,0.009
2019-10-12 20:00:00,134.403,84.9656,5685.9,545670.4,60.0,999.1,-4.76,-3.86,99.7,0.032,0.006
2019-10-12 21:00:00,134.3634,84.9646,6064.2,545774.9,60.0,999.8,-5.22,-3.7,100.0,0.031,0.006
2019-10-12 22:00:00,134.31419,84.9636,6534.3,545878.0,60.0,999.8,-3.74,-2.83,99.8,0.024,0.004
2019-10-12 23:00:00,134.2598,84.963,7053.3,545936.6,60.0,1000.3,-4.12,-3.7,99.8,0.021,0.005
2019-10-13 00:00:00,134.2054,84.9626,7572.3,545973.1,60.0,1000.8,-4.7,-4.07,99.1,0.023,0.005
2019-10-13 01:00:00,134.15421,84.9626,8060.0,545966.1,60.5,1001.3,-4.43,-3.92,100.0,0.029,0.005
2019-10-13 02:00:00,134.1089,84.9624,8492.2,545981.0,60.5,1001.3,-3.85,-3.87,100.0,0.038,0.005
2019-10-13 03:00:00,134.0708,84.9622,8855.5,545997.2,59.5,1001.8,-3.43,-4.11,99.4,0.041,0.005
2019-10-13 04:00:00,134.04021,84.9614,9148.5,546079.2,60.0,1001.7,-3.21,-4.56,98.2,0.04,0.005
2019-10-13 05:00:00,134.01421,84.9604,9398.2,546183.5,60.5,1002.0,-3.0,-5.03,97.4,0.034,0.004
2019-10-13 06:00:00,133.98962,84.95903,9635.2,546328.4,60.5,1001.9,-2.56,-5.16,71.5,0.025,0.003
2019-10-13 07:00:00,133.96339,84.9572,9888.9,546522.2,59.5,1002.5,-2.14,-5.27,89.7,0.018,0.002
2019-10-13 08:00:00,133.9352,84.9552,10161.8,546734.3,60.5,1002.1,-1.62,-5.38,80.8,0.019,0.003
2019-10-13 09:00:00,133.90473,84.95323,10456.6,546942.1,60.5,1002.7,-0.94,-5.34,87.3,0.022,0.002
2019-10-13 10:00:00,133.87331,84.95104,10761.3,547174.8,60.5,1002.6,-1.06,-5.94,100.0,0.04,0.003
2019-10-13 11:00:00,133.8452,84.949,11034.2,547390.4,60.0,1002.2,-0.4,-5.9,100.0,0.036,0.003
2019-10-13 12:00:00,133.82369,84.94704,11244.1,547599.2,60.0,1002.6,0.5,-6.25,100.0,0.032,0.004
2019-10-13 13:00:00,133.80919,84.94464,11388.0,547856.5,60.5,1002.4,1.43,-6.45,100.0,0.021,0.007
2019-10-13 14:00:00,133.80262,84.94244,11455.9,548094.3,60.0,1002.0,2.42,-6.18,100.0,0.006,0.009
2019-10-13 15:00:00,133.80706,84.94005,11418.8,548354.5,60.0,1001.5,3.1,-5.85,100.0,0.0,0.01
2019-10-13 16:00:00,133.81801,84.93686,11321.2,548702.3,60.0,1001.0,3.23,-6.51,100.0,0.001,0.009
2019-10-13 17:00:00,133.82792,84.93268,11235.5,549157.8,60.0,1000.3,2.52,-7.2,100.0,0.008,0.006
2019-10-13 18:00:00,133.8264,84.9274,11261.8,549730.5,59.5,1000.2,1.53,-7.4,100.0,0.008,0.007
2019-10-13 19:00:00,133.815,84.9222,11382.9,550292.5,60.5,1000.3,0.63,-7.49,100.0,0.007,0.007
2019-10-13 20:00:00,133.79189,84.91709,11616.5,550842.4,60.5,1000.2,0.32,-7.45,100.0,0.007,0.008
2019-10-13 21:00:00,133.75819,84.9116,11953.4,551431.1,59.5,1001.1,0.4,-7.54,100.0,0.004,0.008
2019-10-13 22:00:00,133.71899,84.9068,12342.3,551943.6,60.0,1000.5,-0.24,-9.31,100.0,0.001,0.006
2019-10-13 23:00:00,133.67461,84.9022,12781.4,552433.0,60.5,1000.9,-0.54,-8.94,100.0,0.001,0.003
2019-10-14 00:00:00,133.63206,84.89846,13201.3,552829.4,60.5,1001.1,-0.24,-8.54,100.0,0.002,0.002
2019-10-14 01:00:00,133.59437,84.89506,13574.1,553189.8,60.5,1001.4,0.25,-8.48,100.0,0.004,0.003
2019-10-14 02:00:00,133.56366,84.89185,13879.2,553530.0,60.0,1001.7,0.5,-8.68,100.0,0.007,0.004
2019-10-14 03:00:00,133.53799,84.88885,14135.6,553849.7,60.0,1002.2,0.28,-8.68,100.0,0.008,0.004
2019-10-14 04:00:00,133.51672,84.88605,14349.1,554148.1,60.0,1002.6,0.15,-8.39,100.0,0.007,0.003
2019-10-14 05:00:00,133.49947,84.88305,14524.4,554469.2,60.0,1003.1,0.15,-7.98,99.7,0.01,0.004
2019-10-14 06:00:00,133.48541,84.88025,14668.5,554769.7,60.0,1003.5,0.27,-7.66,100.0,0.013,0.004
2019-10-14 07:00:00,133.47359,84.87725,14791.6,555091.4,60.0,1004.2,0.36,-7.38,98.3,0.017,0.003
2019-10-14 08:00:00,133.46144,84.87386,14919.3,555456.6,60.0,1004.5,0.45,-7.12,98.4,0.02,0.004
2019-10-14 09:00:00,133.4444,84.8704,15094.6,555827.4,59.5,1005.3,0.49,-6.74,100.0,0.016,0.003
2019-10-14 10:00:00,133.42239,84.8672,15317.7,556168.7,60.0,1005.6,0.91,-5.76,99.7,0.007,0.005
2019-10-14 11:00:00,133.396,84.8646,15581.8,556443.7,60.0,1005.9,1.09,-5.5,99.7,0.003,0.003
2019-10-14 12:00:00,133.3688,84.8628,15851.5,556631.5,60.0,1006.0,1.06,-5.22,99.3,0.001,0.002
2019-10-14 13:00:00,133.3438,84.8616,16098.1,556754.7,60.0,1006.2,0.83,-4.92,99.8,0.002,0.001
2019-10-14 14:00:00,133.3248,84.8606,16285.9,556857.8,60.0,1006.5,0.76,-4.35,99.9,0.002,0.004
2019-10-14 15:00:00,133.31419,84.8602,16390.3,556898.2,60.0,1006.4,1.0,-3.89,99.7,0.003,0.009
2019-10-14 16:00:00,133.3132,84.8596,16401.8,556963.0,60.0,1006.7,1.37,-3.44,100.0,0.006,0.009
2019-10-14 17:00:00,133.3204,84.8592,16333.1,557008.5,60.5,1006.7,1.72,-2.87,100.0,0.008,0.01
2019-10-14 18:00:00,133.33276,84.85842,16215.4,557097.0,60.5,1007.0,2.03,-2.39,100.0,0.007,0.01
2019-10-14 19:00:00,133.34621,84.8574,16087.9,557211.1,59.5,1007.2,2.08,-2.18,100.0,0.006,0.011
2019-10-14 20:00:00,133.3564,84.8564,15991.9,557322.4,60.0,1007.2,1.87,-2.46,100.0,0.004,0.016
2019-10-14 21:00:00,133.3602,84.8554,15958.0,557431.9,60.5,1007.7,1.25,-2.69,100.0,0.002,0.018
2019-10-14 22:00:00,133.35633,84.85481,15997.5,557495.3,60.5,1007.8,1.09,-1.95,100.0,0.002,0.022
2019-10-14 23:00:00,133.34503,84.8546,16108.1,557514.4,60.5,1007.8,1.18,-2.09,100.0,0.001,0.024
2019-10-15 00:00:00,133.33045,84.85479,16249.3,557489.6,60.0,1008.2,0.88,-2.34,100.0,0.001,0.022
2019-10-15 01:00:00,133.31563,84.85558,16391.1,557399.3,60.0,1008.5,0.36,-2.07,100.0,0.0,0.016
2019-10-15 02:00:00,133.30415,84.85658,16499.5,557288.1,60.0,1008.7,0.01,-1.63,99.4,0.0,0.012
2019-10-15 03:00:00,133.29786,84.85798,16556.2,557134.7,60.0,1008.8,-0.15,-1.57,98.6,0.0,0.01
2019-10-15 04:00:00,133.2982,84.8592,16549.0,557002.1,60.0,1009.0,-0.25,-1.63,93.7,0.0,0.006
2019-10-15 05:00:00,133.30251,84.86019,16503.9,556896.4,60.0,1009.4,-0.36,-1.83,60.8,0.0,0.001
2019-10-15 06:00:00,133.30784,84.86079,16450.1,556832.3,61.0,1009.5,-0.65,-2.02,40.7,0.0,0.0
2019-10-15 07:00:00,133.311,84.8608,16419.4,556832.2,59.0,1010.4,-1.05,-2.28,43.5,0.0,0.0
2019-10-15 08:00:00,133.3084,84.8606,16445.3,556853.1,60.0,1010.6,-1.53,-2.42,62.0,0.0,0.0
2019-10-15 09:00:00,133.2982,84.8604,16545.1,556871.9,60.5,1011.1,-1.89,-2.39,59.2,0.001,0.0
2019-10-15 10:00:00,133.28094,84.8602,16713.5,556888.3,60.5,1011.7,-2.08,-2.13,59.5,0.001,0.0
2019-10-15 11:00:00,133.25726,84.86019,16943.7,556882.4,61.0,1011.7,-1.95,-2.31,39.6,0.001,0.0
2019-10-15 12:00:00,133.23006,84.86059,17206.7,556831.1,60.0,1012.2,-2.12,-2.42,21.7,0.001,0.0
2019-10-15 13:00:00,133.2032,84.8612,17465.7,556756.9,59.5,1012.4,-2.35,-2.46,17.6,0.001,0.0
2019-10-15 14:00:00,133.17999,84.8622,17687.8,556641.3,60.0,1012.7,-2.8,-2.56,16.1,0.003,0.0
2019-10-15 15:00:00,133.1628,84.8634,17850.6,556505.8,61.0,1012.9,-3.04,-2.65,23.8,0.004,0.0
2019-10-15 16:00:00,133.15169,84.86418,17955.8,556418.1,61.0,1013.1,-3.16,-2.64,59.6,0.009,0.0
2019-10-15 17:00:00,133.14412,84.86479,18027.1,556348.7,60.5,1013.4,-3.31,-2.51,91.4,0.014,0.001
2019-10-15 18:00:00,133.13502,84.8648,18115.4,556344.8,59.5,1013.5,-3.4,-2.34,99.6,0.015,0.001
2019-10-15 19:00:00,133.11681,84.8644,18293.7,556382.8,60.0,1013.7,-3.53,-2.32,99.7,0.013,0.002
2019-10-15 20:00:00,133.09169,84.86361,18540.5,556460.2,60.0,1013.9,-3.37,-2.55,100.0,0.012,0.002
2019-10-15 21:00:00,133.0567,84.86301,18882.5,556514.1,60.5,1014.0,-2.92,-2.91,100.0,0.011,0.003
2019-10-15 22:00:00,133.008,84.86241,19357.8,556562.5,60.5,1014.2,-2.55,-3.69,94.0,0.013,0.003
2019-10-15 23:00:00,132.95082,84.8622,19914.1,556565.7,60.5,1014.3,-2.82,-3.85,96.4,0.012,0.004
2019-10-16 00:00:00,132.89056,84.8622,20499.4,556545.3,59.5,1014.3,-3.21,-3.54,98.1,0.009,0.004
2019-10-16 01:00:00,132.83665,84.86279,21020.6,556461.9,59.5,1014.5,-3.36,-3.14,100.0,0.008,0.004
2019-10-16 02:00:00,132.78791,84.86377,21489.8,556337.2,60.5,1014.5,-3.29,-2.78,98.9,0.008,0.004
2019-10-16 03:00:00,132.7476,84.8646,21877.7,556231.7,59.5,1014.5,-3.15,-2.72,100.0,0.008,0.004
2019-10-16 04:00:00,132.71762,84.86519,22166.2,556155.9,59.5,1014.5,-2.94,-2.89,100.0,0.007,0.003
2019-10-16 05:00:00,132.6942,84.8654,22392.6,556124.3,60.0,1014.4,-2.85,-3.23,100.0,0.008,0.003
2019-10-16 06:00:00,132.67317,84.86501,22598.5,556158.4,60.0,1014.5,-2.83,-3.48,100.0,0.009,0.003
2019-10-16 07:00:00,132.64982,84.86422,22828.7,556234.9,60.5,1014.7,-3.02,-3.5,100.0,0.009,0.003
2019-10-16 08:00:00,132.62243,84.86285,23100.8,556372.8,60.5,1014.5,-3.13,-3.42,99.5,0.009,0.003
2019-10-16 09:00:00,132.58784,84.86162,23442.3,556491.7,60.0,1014.5,-3.22,-3.39,94.2,0.01,0.003
2019-10-16 10:00:00,132.54663,84.86045,23847.9,556601.7,60.5,1014.3,-4.25,-3.05,84.0,0.012,0.003
2019-10-16 11:00:00,132.49979,84.8598,24306.0,556651.8,60.0,1014.3,-4.21,-2.58,85.1,0.014,0.002
2019-10-16 12:00:00,132.45161,84.8598,24774.1,556632.2,59.0,1014.5,-3.91,-2.45,78.2,0.015,0.003
2019-10-16 13:00:00,132.4058,84.86018,25217.2,556570.1,60.5,1014.3,-3.67,-2.66,83.5,0.015,0.003
2019-10-16 14:00:00,132.36759,84.86079,25585.4,556487.8,60.0,1013.9,-3.6,-3.14,92.4,0.015,0.003
2019-10-16 15:00:00,132.3343,84.86178,25903.7,556365.0,59.5,1013.5,-3.62,-3.39,93.2,0.015,0.003
2019-10-16 16:00:00,132.30875,84.86279,26146.7,556244.5,60.0,1013.5,-3.72,-3.43,99.4,0.017,0.004
2019-10-16 17:00:00,132.29068,84.86339,26319.0,556170.3,60.0,1013.0,-3.79,-3.38,100.0,0.019,0.006
2019-10-16 18:00:00,132.27568,84.86341,26464.5,556161.2,60.5,1012.8,-3.74,-3.32,99.1,0.02,0.005
2019-10-16 19:00:00,132.26184,84.86262,26603.0,556241.1,60.0,1012.5,-3.55,-3.36,100.0,0.02,0.005
2019-10-16 20:00:00,132.24526,84.86144,26770.1,556361.1,60.0,1012.3,-3.47,-3.33,99.1,0.019,0.006
2019-10-16 21:00:00,132.22189,84.86024,27003.3,556480.1,60.5,1012.4,-3.41,-3.47,100.0,0.019,0.008
2019-10-16 22:00:00,132.19154,84.85905,27304.5,556594.9,60.5,1011.6,-3.59,-3.62,99.9,0.026,0.012
2019-10-16 23:00:00,132.15227,84.85823,27690.3,556665.1,60.0,1011.4,-3.42,-3.78,99.5,0.028,0.017
2019-10-17 00:00:00,132.10539,84.85741,28150.3,556731.1,59.0,1011.1,-3.31,-3.91,99.9,0.029,0.02
2019-10-17 01:00:00,132.06068,84.8572,28585.8,556731.3,59.5,1011.0,-3.31,-3.83,100.0,0.026,0.019
2019-10-17 02:00:00,132.02386,84.85701,28944.7,556733.8,61.0,1010.5,-3.27,-3.34,100.0,0.019,0.016
2019-10-17 03:00:00,131.99363,84.857,29238.5,556719.8,60.0,1010.4,-3.19,-2.87,100.0,0.011,0.013
2019-10-17 04:00:00,131.9718,84.8574,29448.3,556664.9,60.0,1009.9,-2.75,-2.57,100.0,0.006,0.011
2019-10-17 05:00:00,131.96089,84.8578,29552.1,556616.3,60.0,1009.8,-2.16,-2.71,100.0,0.004,0.01
2019-10-17 06:00:00,131.95979,84.8578,29562.7,556615.3,60.0,1009.4,-1.59,-2.91,100.0,0.003,0.012
2019-10-17 07:00:00,131.96177,84.85741,29545.7,556658.6,60.0,1009.7,-1.19,-3.17,99.1,0.003,0.01
2019-10-17 08:00:00,131.96282,84.85662,29540.1,556745.3,60.5,1009.3,-1.0,-3.08,98.1,0.008,0.01
2019-10-17 09:00:00,131.95959,84.8556,29577.3,556853.7,59.5,1009.7,-0.99,-2.88,97.1,0.01,0.009
2019-10-17 10:00:00,131.95261,84.8544,29652.1,556980.1,60.5,1009.3,-0.24,-1.89,88.4,0.007,0.008
2019-10-17 11:00:00,131.94081,84.85361,29771.4,557059.7,60.5,1009.1,-0.23,-1.74,89.0,0.006,0.005
2019-10-17 12:00:00,131.9294,84.8532,29884.7,557098.1,59.5,1009.0,-0.27,-1.28,88.4,0.004,0.003
2019-10-17 13:00:00,131.92059,84.8532,29970.3,557093.5,60.5,1009.0,-0.14,-0.66,89.2,0.004,0.003
2019-10-17 14:00:00,131.91817,84.85359,29991.6,557050.0,60.5,1008.9,0.4,-0.07,95.9,0.004,0.003
2019-10-17 15:00:00,131.92419,84.8544,29928.3,556965.3,60.0,1008.9,0.92,0.4,97.6,0.004,0.003
2019-10-17 16:00:00,131.93888,84.85538,29779.9,556866.6,60.0,1009.0,1.38,0.98,97.0,0.003,0.003
2019-10-17 17:00:00,131.96116,84.85658,29556.4,556748.4,60.5,1008.9,1.62,1.49,93.3,0.004,0.011
2019-10-17 18:00:00,131.9891,84.85778,29278.0,556632.3,60.0,1009.1,1.45,1.96,96.4,0.005,0.017
2019-10-17 19:00:00,132.01775,84.85878,28994.0,556538.4,60.0,1008.9,1.25,2.41,97.0,0.006,0.018
2019-10-17 20:00:00,132.0412,84.8598,28760.6,556440.0,59.5,1009.0,1.1,2.98,99.9,0.007,0.017
2019-10-17 21:00:00,132.05701,84.8608,28601.5,556339.5,60.5,1009.4,1.25,3.41,98.5,0.007,0.016
2019-10-17 22:00:00,132.06494,84.86217,28516.9,556194.9,60.5,1008.8,0.68,3.48,99.1,0.008,0.018
2019-10-17 23:00:00,132.0656,84.8644,28498.1,555953.6,59.5,1009.0,0.76,3.79,96.5,0.007,0.009
2019-10-18 00:00:00,132.063,84.8676,28505.5,555605.4,60.0,1009.1,0.69,4.1,98.0,0.007,0.01
2019-10-18 01:00:00,132.0614,84.8716,28498.7,555171.0,60.0,1009.2,0.43,4.42,99.4,0.004,0.015
2019-10-18 02:00:00,132.064,84.8762,28448.0,554673.7,60.0,1009.1,0.2,4.75,99.9,0.002,0.014
2019-10-18 03:00:00,132.07179,84.8812,28344.8,554135.6,60.0,1009.1,-0.04,5.03,97.3,0.001,0.002
2019-10-18 04:00:00,132.0878,84.8864,28161.3,553579.9,60.0,1009.0,-0.12,5.25,96.0,0.001,0.001
2019-10-18 05:00:00,132.1088,84.8916,27930.0,553026.5,60.0,1008.9,-0.12,5.53,92.7,0.001,0.002
2019-10-18 06:00:00,132.1306,84.8966,27692.4,552495.1,60.0,1009.3,-0.04,5.7,97.3,0.002,0.002
2019-10-18 07:00:00,132.15379,84.9014,27442.9,551985.9,60.5,1009.5,-0.16,5.88,95.6,0.003,0.002
2019-10-18 08:00:00,132.17019,84.90553,27262.7,551545.9,60.5,1009.3,-0.38,6.01,99.3,0.005,0.003
2019-10-18 09:00:00,132.17821,84.9098,27162.7,551087.0,59.5,1009.7,-0.67,6.1,100.0,0.007,0.004
2019-10-18 10:00:00,132.1804,84.9142,27118.2,550611.1,60.5,1009.1,-1.47,6.82,96.5,0.013,0.008
2019-10-18 11:00:00,132.17572,84.91911,27136.9,550076.4,60.5,1009.0,-1.65,6.78,96.3,0.014,0.009
2019-10-18 12:00:00,132.168,84.9248,27180.5,549456.2,60.0,1009.0,-1.57,6.94,92.2,0.019,0.009
2019-10-18 13:00:00,132.16167,84.93129,27206.3,548749.9,60.0,1009.2,-1.49,7.14,89.1,0.022,0.011
2019-10-18 14:00:00,132.16115,84.93828,27173.7,547992.2,60.5,1008.9,-1.66,7.38,92.6,0.019,0.01
2019-10-18 15:00:00,132.16663,84.94607,27079.6,547149.9,60.0,1008.7,-1.72,7.48,87.8,0.016,0.007
2019-10-18 16:00:00,132.1809,84.95368,26902.7,546332.2,60.0,1008.7,-1.69,7.55,91.6,0.025,0.005
2019-10-18 17:00:00,132.20143,84.96089,26668.7,545560.1,60.0,1008.7,-1.58,7.6,86.7,0.03,0.007
2019-10-18 18:00:00,132.2242,84.9672,26418.7,544886.3,60.0,1008.7,-1.5,7.58,88.3,0.035,0.008
2019-10-18 19:00:00,132.24785,84.97271,26165.1,544299.6,60.0,1008.8,-1.34,7.5,98.6,0.043,0.012
2019-10-18 20:00:00,132.26511,84.97783,25974.6,543752.6,61.0,1008.8,-1.44,7.38,100.0,0.079,0.017
2019-10-18 21:00:00,132.27667,84.98292,25838.6,543206.7,60.0,1009.3,-1.44,7.51,99.7,0.088,0.019
2019-10-18 22:00:00,132.27845,84.98811,25795.0,542644.4,59.5,1009.0,-1.98,7.8,99.9,0.069,0.022
2019-10-18 23:00:00,132.27156,84.9939,25830.4,542013.8,60.0,1009.0,-1.91,7.8,99.5,0.055,0.025
2019-10-19 00:00:00,132.25943,85.00029,25912.0,541315.3,60.0,1009.1,-1.82,7.65,99.3,0.034,0.023
2019-10-19 01:00:00,132.24563,85.00689,26007.9,540593.7,60.0,1009.4,-1.92,7.41,98.1,0.016,0.016
2019-10-19 02:00:00,132.23471,85.01349,26076.4,539873.2,60.0,1009.3,-2.05,7.26,98.6,0.007,0.014
2019-10-19 03:00:00,132.23181,85.0199,26070.1,539177.4,60.0,1009.5,-1.73,6.93,99.8,0.003,0.015
2019-10-19 04:00:00,132.23065,85.02552,26051.6,538567.7,60.0,1009.6,-1.26,6.38,99.1,0.004,0.011
2019-10-19 05:00:00,132.22822,85.02974,26052.2,538108.8,60.0,1009.7,-1.16,5.79,96.5,0.007,0.008
2019-10-19 06:00:00,132.22707,85.03276,26047.2,537781.2,60.0,1009.8,-1.49,5.39,94.6,0.012,0.007
2019-10-19 07:00:00,132.21918,85.03497,26109.6,537538.3,60.0,1009.9,-1.93,5.09,99.5,0.015,0.006
2019-10-19 08:00:00,132.2048,85.037,26233.8,537311.3,60.0,1009.8,-2.3,4.86,99.7,0.016,0.006
2019-10-19 09:00:00,132.18322,85.03936,26423.6,537045.9,60.0,1010.2,-2.47,4.51,100.0,0.02,0.006
2019-10-19 10:00:00,132.1548,85.0422,26674.7,536724.6,60.0,1009.9,-3.31,4.15,100.0,0.026,0.004
2019-10-19 11:00:00,132.12198,85.04554,26963.9,536347.0,60.0,1009.5,-3.4,3.71,99.6,0.031,0.004
2019-10-19 12:00:00,132.0862,85.04914,27279.0,535940.2,60.5,1009.5,-3.71,3.52,97.6,0.034,0.004
2019-10-19 13:00:00,132.05119,85.053,27584.9,535505.0,60.0,1009.2,-4.21,3.44,91.2,0.035,0.004
2019-10-19 14:00:00,132.01872,85.05733,27863.9,535020.2,60.0,1008.8,-4.62,3.33,89.1,0.029,0.005
2019-10-19 15:00:00,131.989,85.0614,28118.2,534564.4,59.5,1008.7,-4.65,3.23,95.4,0.022,0.011
2019-10-19 16:00:00,131.9628,85.065,28342.0,534161.3,60.5,1008.4,-4.43,3.02,97.1,0.017,0.013
2019-10-19 17:00:00,131.93683,85.06796,28567.0,533827.9,60.5,1008.1,-4.12,2.62,99.7,0.02,0.019
2019-10-19 18:00:00,131.91105,85.07017,28794.2,533575.6,60.5,1007.9,-4.14,2.06,100.0,0.019,0.028
2019-10-19 19:00:00,131.8822,85.072,29052.1,533362.4,60.0,1007.4,-4.4,1.66,100.0,0.014,0.04
2019-10-19 20:00:00,131.85093,85.07319,29336.1,533217.9,60.0,1007.2,-4.64,1.57,100.0,0.009,0.052
2019-10-19 21:00:00,131.8192,85.0738,29627.7,533135.1,60.0,1007.0,-4.69,1.6,99.4,0.003,0.06
2019-10-19 22:00:00,131.78812,85.07478,29910.9,533012.5,60.0,1006.7,-4.2,0.49,100.0,0.002,0.1
2019-10-19 23:00:00,131.75723,85.07595,30191.1,532869.9,61.0,1006.1,-4.09,0.36,100.0,0.001,0.089
2019-10-20 00:00:00,131.72697,85.07792,30460.2,532640.0,60.5,1005.6,-3.81,0.56,100.0,0.002,0.048
2019-10-20 01:00:00,131.69926,85.08032,30702.9,532365.9,60.0,1005.4,-3.51,0.52,100.0,0.005,0.052
2019-10-20 02:00:00,131.67516,85.08295,30910.3,532067.4,59.5,1004.9,-3.46,0.38,100.0,0.005,0.08
2019-10-20 03:00:00,131.65653,85.08591,31064.5,531737.3,60.0,1004.5,-3.7,0.5,100.0,0.001,0.082
2019-10-20 04:00:00,131.64318,85.08851,31171.9,531447.7,60.5,1004.3,-3.6,0.92,100.0,0.001,0.067
2019-10-20 05:00:00,131.63387,85.09112,31241.6,531160.0,60.0,1003.9,-3.47,1.52,100.0,0.001,0.054
2019-10-20 06:00:00,131.62683,85.09314,31294.0,530937.7,60.0,1003.7,-3.14,2.09,100.0,0.001,0.053
2019-10-20 07:00:00,131.61929,85.09494,31352.3,530738.0,60.0,1003.5,-2.61,2.7,100.0,0.001,0.061
2019-10-20 08:00:00,131.609,85.09657,31437.2,530556.0,59.5,1003.4,-1.82,3.24,100.0,0.001,0.062
2019-10-20 09:00:00,131.59506,85.09837,31554.7,530353.6,59.5,1003.4,-1.24,3.51,99.6,0.001,0.059
2019-10-20 10:00:00,131.57858,85.10033,31694.6,530132.6,60.5,1003.1,-2.5,3.04,100.0,0.008,0.051
2019-10-20 11:00:00,131.56062,85.1029,31844.0,529843.4,60.5,1003.0,-2.77,3.23,100.0,0.004,0.034
2019-10-20 12:00:00,131.54257,85.10608,31990.1,529488.9,60.0,1003.1,-2.88,3.63,100.0,0.002,0.016
2019-10-20 13:00:00,131.52783,85.10987,32101.5,529071.0,60.0,1002.9,-2.83,3.93,100.0,0.004,0.007
2019-10-20 14:00:00,131.51751,85.11412,32168.6,528603.9,59.5,1002.9,-2.62,4.3,99.6,0.007,0.006
2019-10-20 15:00:00,131.51495,85.11884,32161.1,528091.4,60.0,1003.0,-2.05,4.79,100.0,0.012,0.01
2019-10-20 16:00:00,131.5208,85.12355,32076.2,527584.3,61.0,1003.6,-0.83,5.39,99.9,0.019,0.012
2019-10-20 17:00:00,131.53879,85.12863,31877.3,527044.2,60.0,1003.7,0.65,5.73,100.0,0.037,0.013
2019-10-20 18:00:00,131.56746,85.13333,31583.0,526551.8,59.0,1004.4,1.7,6.14,100.0,0.042,0.009
2019-10-20 19:00:00,131.59949,85.13754,31261.6,526113.4,59.5,1004.9,1.86,6.55,100.0,0.049,0.007
2019-10-20 20:00:00,131.62781,85.14109,30978.9,525743.5,60.5,1005.7,0.99,6.53,100.0,0.052,0.006
2019-10-20 21:00:00,131.6452,85.1442,30799.5,525416.2,59.5,1006.2,-0.68,6.24,99.0,0.062,0.01
2019-10-20 22:00:00,131.64594,85.14754,30771.5,525055.1,59.5,1006.4,-1.47,6.54,100.0,0.074,0.018
2019-10-20 23:00:00,131.63161,85.152,30874.4,524563.9,60.0,1006.9,-2.21,7.32,99.9,0.06,0.023
2019-10-21 00:00:00,131.61607,85.15809,30977.7,523895.8,60.0,1007.0,-2.41,7.81,100.0,0.051,0.022
2019-10-21 01:00:00,131.59947,85.16507,31084.5,523130.4,60.5,1007.6,-2.49,7.78,100.0,0.049,0.02
2019-10-21 02:00:00,131.5848,85.17307,31166.8,522256.5,60.0,1007.6,-2.98,7.61,100.0,0.05,0.019
2019-10-21 03:00:00,131.57503,85.18074,31206.0,521419.6,60.5,1007.8,-3.55,7.63,98.7,0.036,0.015
2019-10-21 04:00:00,131.56968,85.18847,31204.6,520579.5,60.0,1008.2,-4.19,7.68,94.8,0.023,0.01
2019-10-21 05:00:00,131.56451,85.19569,31204.7,519795.6,59.5,1008.4,-4.79,7.57,95.1,0.019,0.004
2019-10-21 06:00:00,131.55676,85.20211,31233.2,519095.9,60.0,1008.7,-5.38,7.4,86.1,0.019,0.003
2019-10-21 07:00:00,131.54291,85.20712,31325.8,518545.0,60.0,1008.8,-5.95,7.14,73.9,0.014,0.002
2019-10-21 08:00:00,131.51851,85.21172,31516.3,518033.1,60.0,1009.3,-6.63,6.8,82.3,0.019,0.001
2019-10-21 09:00:00,131.48327,85.21632,31804.3,517516.0,60.0,1009.5,-7.24,6.64,96.4,0.036,0.001
2019-10-21 10:00:00,131.43863,85.22151,32172.5,516929.3,60.0,1009.6,-7.54,6.58,91.6,0.024,0.011
2019-10-21 11:00:00,131.3861,85.22749,32605.5,516251.3,60.0,1009.5,-8.04,6.57,98.4,0.016,0.01
2019-10-21 12:00:00,131.33093,85.23428,33055.5,515484.7,60.0,1009.7,-8.2,6.43,98.2,0.014,0.009
2019-10-21 13:00:00,131.2758,85.2416,33499.9,514660.1,60.0,1009.8,-8.19,6.23,98.8,0.014,0.01
2019-10-21 14:00:00,131.22345,85.24888,33918.1,513841.3,60.0,1009.6,-8.1,5.96,99.4,0.01,0.014
2019-10-21 15:00:00,131.17439,85.25628,34304.5,513010.9,60.5,1009.8,-8.21,5.51,98.8,0.007,0.014
2019-10-21 16:00:00,131.12893,85.26329,34660.1,512224.4,60.0,1009.9,-8.33,5.28,99.4,0.005,0.014
2019-10-21 17:00:00,131.08593,85.2695,34998.5,511526.0,60.0,1009.7,-8.45,5.18,99.9,0.003,0.018
2019-10-21 18:00:00,131.04194,85.27531,35347.8,510870.1,60.0,1009.7,-8.64,5.1,99.6,0.003,0.021
2019-10-21 19:00:00,130.99718,85.28032,35708.9,510300.2,60.0,1009.8,-8.82,5.17,99.9,0.002,0.018
2019-10-21 20:00:00,130.94748,85.28532,36113.3,509728.2,60.0,1009.9,-9.0,5.32,100.0,0.002,0.013
2019-10-21 21:00:00,130.891,85.29051,36575.3,509130.2,60.0,1010.2,-9.05,5.47,96.7,0.002,0.007
2019-10-21 22:00:00,130.82869,85.2963,37083.3,508463.9,60.0,1010.2,-9.0,6.06,94.7,0.001,0.008
2019-10-21 23:00:00,130.76252,85.30288,37617.6,507707.9,60.0,1010.4,-8.91,6.14,96.1,0.001,0.011
2019-10-22 00:00:00,130.69511,85.31007,38156.4,506885.3,60.0,1010.1,-9.0,5.98,93.0,0.001,0.019
2019-10-22 01:00:00,130.62981,85.3178,38670.2,506005.7,60.0,1010.6,-9.24,5.75,93.8,0.001,0.021
2019-10-22 02:00:00,130.5686,85.32567,39144.8,505113.3,60.0,1010.6,-9.46,5.6,98.5,0.002,0.016
2019-10-22 03:00:00,130.51019,85.3338,39590.6,504193.2,59.5,1010.7,-9.58,5.48,95.3,0.003,0.004
2019-10-22 04:00:00,130.45599,85.3414,40002.2,503333.5,60.0,1010.8,-9.6,5.25,88.5,0.003,0.005
2019-10-22 05:00:00,130.403,85.3486,40405.1,502517.6,60.0,1011.0,-9.72,4.98,97.5,0.005,0.013
2019-10-22 06:00:00,130.34821,85.3548,40831.1,501808.3,60.0,1010.9,-10.04,4.74,99.4,0.007,0.013
2019-10-22 07:00:00,130.28819,85.3606,41305.0,501138.1,60.5,1011.3,-10.17,4.77,99.1,0.008,0.009
2019-10-22 08:00:00,130.22313,85.36572,41827.8,500537.4,60.5,1011.3,-9.98,4.71,97.4,0.007,0.008
2019-10-22 09:00:00,130.1534,85.3704,42394.0,499980.1,59.5,1011.5,-9.57,4.38,95.4,0.004,0.007
2019-10-22 10:00:00,130.0808,85.3748,42986.6,499450.3,60.0,1011.3,-8.52,2.35,89.8,0.002,0.009
2019-10-22 11:00:00,130.00459,85.379,43611.2,498938.7,60.5,1011.3,-8.95,1.06,82.8,0.002,0.009
2019-10-22 12:00:00,129.92789,85.38333,44237.5,498412.3,60.5,1011.2,-9.38,0.48,78.3,0.003,0.007
2019-10-22 13:00:00,129.851,85.3876,44864.8,497890.7,59.5,1011.0,-9.56,0.49,87.2,0.005,0.008
2019-10-22 14:00:00,129.77679,85.3914,45472.1,497421.6,60.5,1010.7,-9.34,0.75,92.7,0.005,0.008
2019-10-22 15:00:00,129.70615,85.39533,46046.0,496940.2,60.5,1010.6,-8.94,1.13,96.2,0.003,0.008
2019-10-22 16:00:00,129.63879,85.3992,46591.0,496468.1,59.5,1010.5,-8.47,1.5,92.2,0.003,0.007
2019-10-22 17:00:00,129.57581,85.4028,47099.7,496027.8,60.5,1010.5,-8.17,1.7,98.5,0.006,0.007
2019-10-22 18:00:00,129.51951,85.40634,47550.4,495598.7,60.5,1010.1,-7.9,1.99,99.9,0.009,0.009
2019-10-22 19:00:00,129.46581,85.4096,47980.8,495202.1,59.5,1010.5,-7.78,1.94,99.8,0.016,0.008
2019-10-22 20:00:00,129.4126,85.4124,48411.1,494855.0,60.0,1010.4,-7.79,1.93,99.9,0.024,0.008
2019-10-22 21:00:00,129.3564,85.4152,48866.6,494505.0,60.0,1010.8,-7.89,1.82,99.9,0.028,0.009
2019-10-22 22:00:00,129.29739,85.4182,49343.5,494130.5,60.0,1010.7,-8.02,2.08,99.0,0.024,0.009
2019-10-22 23:00:00,129.2356,85.4212,49843.7,493753.2,60.5,1010.7,-8.0,1.38,99.7,0.018,0.007
2019-10-23 00:00:00,129.17226,85.42454,50352.6,493336.8,60.5,1010.8,-8.0,0.75,99.4,0.016,0.007
2019-10-23 01:00:00,129.10899,85.4278,50861.1,492929.5,59.5,1010.9,-8.12,0.29,100.0,0.019,0.005
2019-10-23 02:00:00,129.04781,85.4312,51349.2,492508.1,60.5,1011.1,-8.09,-0.04,82.6,0.019,0.004
2019-10-23 03:00:00,128.98896,85.43474,51814.8,492072.7,60.5,1011.1,-8.17,-0.17,73.5,0.016,0.007
2019-10-23 04:00:00,128.9346,85.4378,52246.6,491693.6,59.5,1011.2,-8.08,0.03,67.5,0.01,0.007
2019-10-23 05:00:00,128.8838,85.4404,52652.5,491366.6,60.5,1011.5,-7.73,0.22,79.3,0.006,0.004
2019-10-23 06:00:00,128.8356,85.44237,53042.9,491109.5,60.5,1011.2,-7.23,0.25,84.9,0.002,0.005
2019-10-23 07:00:00,128.78641,85.444,53445.3,490888.1,59.5,1011.7,-6.83,0.07,84.2,0.001,0.006
2019-10-23 08:00:00,128.7368,85.4456,53851.4,490669.1,60.0,1011.5,-6.57,-0.01,80.0,0.003,0.008
2019-10-23 09:00:00,128.6852,85.4468,54279.0,490491.0,60.0,1011.9,-6.22,-0.03,83.2,0.005,0.007
2019-10-23 10:00:00,128.6358,85.4482,54685.0,490293.1,60.0,1011.8,-6.0,-0.45,86.9,0.007,0.008
2019-10-23 11:00:00,128.58859,85.4496,55072.0,490096.9,60.0,1012.0,-5.44,-0.61,81.4,0.008,0.003
2019-10-23 12:00:00,128.5452,85.451,55426.1,489904.1,60.0,1012.0,-5.15,-0.82,55.2,0.01,0.001
2019-10-23 13:00:00,128.5092,85.4528,55711.8,489675.2,60.0,1012.0,-4.92,-0.87,48.9,0.012,0.001
2019-10-23 14:00:00,128.47141,85.4546,56012.5,489444.3,60.0,1011.9,-4.71,-0.68,45.6,0.012,0.001
2019-10-23 15:00:00,128.4366,85.4564,56287.6,489216.2,60.0,1012.0,-4.21,-0.4,65.0,0.013,0.001
2019-10-23 16:00:00,128.40379,85.4582,56545.3,488989.9,60.0,1012.2,-3.76,-0.18,66.7,0.011,0.002
2019-10-23 17:00:00,128.37019,85.46,56809.5,488762.7,60.5,1012.0,-3.58,-0.05,61.7,0.011,0.002
2019-10-23 18:00:00,128.33696,85.46138,57075.6,488581.0,60.5,1011.8,-3.43,-0.09,76.8,0.011,0.002
2019-10-23 19:00:00,128.30321,85.4626,57347.9,488415.8,59.5,1012.0,-3.54,-0.13,73.0,0.012,0.003
2019-10-23 20:00:00,128.26961,85.4638,57619.1,488252.8,60.5,1011.8,-3.72,-0.18,79.8,0.016,0.003
2019-10-23 21:00:00,128.23461,85.46517,57899.7,488069.4,60.5,1011.9,-4.03,-0.06,76.4,0.017,0.003
2019-10-23 22:00:00,128.19501,85.4668,58216.2,487854.2,59.5,1011.8,-4.99,1.81,82.6,0.026,0.004
2019-10-23 23:00:00,128.15379,85.4686,58543.9,487618.3,60.0,1011.5,-4.57,2.14,88.2,0.021,0.005
2019-10-24 00:00:00,128.1114,85.4708,58876.0,487337.9,60.0,1011.4,-4.16,2.31,94.8,0.021,0.006
2019-10-24 01:00:00,128.06779,85.4736,59210.2,486991.4,60.0,1010.9,-3.96,2.13,98.3,0.02,0.007
2019-10-24 02:00:00,128.02541,85.4768,59528.3,486602.8,60.5,1011.1,-4.04,1.84,99.9,0.018,0.006
2019-10-24 03:00:00,127.98681,85.48014,59811.8,486203.0,60.5,1010.9,-4.18,1.66,99.4,0.02,0.007
2019-10-24 04:00:00,127.9512,85.4838,60065.3,485771.6,59.5,1010.7,-4.23,1.59,98.8,0.023,0.008
2019-10-24 05:00:00,127.9164,85.4868,60320.2,485412.1,60.5,1010.6,-4.42,1.46,100.0,0.025,0.006
2019-10-24 06:00:00,127.88104,85.48995,60577.4,485035.6,60.5,1010.1,-4.73,1.39,100.0,0.028,0.006
2019-10-24 07:00:00,127.8398,85.4926,60890.7,484706.7,59.5,1010.1,-4.89,1.37,100.0,0.03,0.005
2019-10-24 08:00:00,127.7962,85.495,61226.8,484401.9,60.5,1009.9,-5.06,1.42,100.0,0.033,0.005
2019-10-24 09:00:00,127.74844,85.49736,61598.3,484096.6,60.5,1009.8,-5.22,1.36,100.0,0.035,0.005
2019-10-24 10:00:00,127.6956,85.4996,62013.8,483798.6,59.5,1009.6,-4.93,1.07,100.0,0.034,0.006
2019-10-24 11:00:00,127.638,85.5016,62472.3,483520.9,60.0,1009.5,-5.43,0.64,99.9,0.034,0.005
2019-10-24 12:00:00,127.5764,85.504,62958.5,483195.2,60.0,1009.1,-5.89,0.45,99.8,0.039,0.005
2019-10-24 13:00:00,127.514,85.5066,63448.0,482846.7,60.0,1009.1,-6.27,0.57,99.4,0.045,0.006
2019-10-24 14:00:00,127.4516,85.5094,63933.9,482476.2,60.0,1008.9,-6.4,0.81,98.9,0.043,0.005
2019-10-24 15:00:00,127.3896,85.5124,64412.8,482084.1,60.0,1008.8,-6.42,0.94,98.7,0.039,0.004
2019-10-24 16:00:00,127.3296,85.5158,64868.4,481650.9,60.0,1008.5,-6.23,1.17,97.9,0.036,0.004
2019-10-24 17:00:00,127.276,85.519,65272.3,481246.0,60.0,1008.3,-6.02,1.29,97.1,0.034,0.005
2019-10-24 18:00:00,127.2228,85.5218,65678.0,480884.2,60.0,1008.1,-5.96,1.29,97.7,0.034,0.007
2019-10-24 19:00:00,127.17,85.524,66088.6,480587.0,60.5,1008.1,-5.92,1.14,97.5,0.031,0.008
2019-10-24 20:00:00,127.11709,85.52597,66503.0,480314.0,60.5,1008.1,-5.92,0.98,99.4,0.028,0.011
2019-10-24 21:00:00,127.0626,85.5274,66938.4,480097.0,59.5,1008.0,-5.91,0.82,99.9,0.025,0.013
2019-10-24 22:00:00,127.0068,85.5286,67387.8,479902.6,60.0,1007.8,-6.55,0.6,100.0,0.032,0.029
2019-10-24 23:00:00,126.9516,85.5302,67825.9,479665.6,60.5,1007.6,-6.42,0.42,100.0,0.023,0.034
2019-10-25 00:00:00,126.89826,85.53177,68248.3,479433.4,60.5,1007.8,-6.37,0.09,100.0,0.021,0.036
2019-10-25 01:00:00,126.84803,85.53357,68640.9,479180.4,60.5,1007.7,-6.41,0.07,100.0,0.018,0.035
2019-10-25 02:00:00,126.799,85.5354,69022.7,478924.9,60.0,1007.6,-6.2,0.26,100.0,0.011,0.029
2019-10-25 03:00:00,126.75744,85.53717,69342.5,478684.5,60.0,1007.6,-5.78,0.29,100.0,0.005,0.021
2019-10-25 04:00:00,126.72193,85.53878,69614.1,478469.2,60.5,1007.5,-5.28,0.09,100.0,0.004,0.02
2019-10-25 05:00:00,126.6938,85.54,69829.8,478303.6,60.0,1007.6,-5.05,0.05,100.0,0.005,0.029
2019-10-25 06:00:00,126.67155,85.54079,70003.1,478191.8,60.0,1007.6,-4.89,-0.04,100.0,0.006,0.035
2019-10-25 07:00:00,126.6498,85.5414,70175.0,478099.5,59.5,1007.7,-4.95,-0.06,100.0,0.005,0.036
2019-10-25 08:00:00,126.6248,85.5416,70380.5,478047.4,60.0,1008.1,-4.77,-0.15,99.9,0.005,0.034
2019-10-25 09:00:00,126.5966,85.5418,70612.6,477991.2,60.0,1008.3,-4.71,0.03,100.0,0.008,0.032
2019-10-25 10:00:00,126.566,85.542,70864.7,477932.0,60.0,1008.5,-4.84,0.1,100.0,0.011,0.027
2019-10-25 11:00:00,126.5348,85.5422,71121.7,477871.9,60.0,1008.7,-4.56,-0.02,100.0,0.009,0.035
2019-10-25 12:00:00,126.5042,85.5426,71370.5,477790.9,61.0,1008.9,-4.52,-0.26,99.8,0.005,0.038
2019-10-25 13:00:00,126.47456,85.54298,71611.6,477713.3,61.0,1009.1,-4.6,-0.21,99.8,0.004,0.033
2019-10-25 14:00:00,126.4472,85.5438,71826.5,477590.9,59.5,1009.1,-4.46,-0.04,100.0,0.002,0.019
2019-10-25 15:00:00,126.42335,85.54439,72015.7,477497.8,59.5,1009.5,-4.36,0.19,100.0,0.002,0.016
2019-10-25 16:00:00,126.40488,85.54519,72156.7,477389.0,60.5,1009.6,-4.15,0.32,100.0,0.002,0.021
2019-10-25 17:00:00,126.38828,85.54579,72285.1,477303.0,60.0,1009.7,-3.78,0.27,100.0,0.002,0.027
2019-10-25 18:00:00,126.37115,85.546,72424.5,477259.6,60.5,1010.1,-3.53,0.07,100.0,0.001,0.031
2019-10-25 19:00:00,126.35657,85.54618,72543.0,477221.9,61.5,1010.3,-3.54,-0.15,99.9,0.002,0.03
